Tittle,Tittle Url,Description,Description Url
Teaming up with AI: how agents will fuel enterprise transformation and reshape work,https://www.uipath.com/resources/automation-whitepapers/teaming-up-with-ai,"Download this white paper to learn how agentic AI powers a dynamic economy, creating a new human+agent workforce where autonomy scales beyond human oversight.",https://www.uipath.com/resources/automation-whitepapers/teaming-up-with-ai
The Definitive Guide to Agentic Orchestration,https://www.uipath.com/resources/automation-whitepapers/definitive-guide-to-agentic-orchestration,Download The Definitive Guide to Agentic Orchestration and learn how to turn agentic AI from demos into measurable outcomes.,https://www.uipath.com/resources/automation-whitepapers/definitive-guide-to-agentic-orchestration
Agentic Automation: Unlocking Seamless Orchestration for the Modern Enterprise,https://www.uipath.com/resources/automation-whitepapers/unlock-seamless-orchestration-with-agentic-automation,An IDC InfoBrief commissioned by UiPath: Discover how enterprises in Asia are delivering excellence by deploying intelligent automation at the heart of their digital-first strategy...,https://www.uipath.com/resources/automation-whitepapers/unlock-seamless-orchestration-with-agentic-automation
"Unlock the Power of Agentic AI: Real-World Use Cases, Proven Results",https://www.uipath.com/resources/automation-whitepapers/unlock-power-of-agentic-ai-use-cases,"Discover how autonomous AI agents are transforming operations with real-world examples of smarter automation, better decisions, and new efficiencies.",https://www.uipath.com/resources/automation-whitepapers/unlock-power-of-agentic-ai-use-cases
Why financial services must converge AI and RPA investments now,https://www.uipath.com/resources/automation-whitepapers/financial-services-must-converge-ai-and-rpa-investments,"Discover how financial services leaders merge agentic AI and RPA to boost innovation, efficiency, and ROI turning siloed efforts into scalable success.",https://www.uipath.com/resources/automation-whitepapers/financial-services-must-converge-ai-and-rpa-investments
AI-powered pricing: The future of retail profitability,https://www.uipath.com/resources/automation-whitepapers/boost-retail-profitability-with-ai-powered-pricing,"Download this white paper to see how AI-driven pricing helps retailers survive tariff turmoil, adapt fast, and turn volatility into a competitive advantage.",https://www.uipath.com/resources/automation-whitepapers/boost-retail-profitability-with-ai-powered-pricing
Black Friday: Set perfect pricing with AI,https://www.uipath.com/resources/automation-whitepapers/black-friday-success-starts-with-ai-pricing,Discover how top retailers use AI to master Black Friday pricing adapting in real time to outpace competitors and turn volatility into measurable growth.,https://www.uipath.com/resources/automation-whitepapers/black-friday-success-starts-with-ai-pricing
Using AI to power perfect pricing,https://www.uipath.com/resources/automation-whitepapers/ai-native-pricing-for-retail-operations,Download this white paper to learn how intelligent automation helps retail teams boost profitability across the product lifecycle from launch to markdown.,https://www.uipath.com/resources/automation-whitepapers/ai-native-pricing-for-retail-operations
Agentic Testing for Financial Services,https://www.uipath.com/resources/automation-whitepapers/agentic-testing-for-financial-services,"Read this white paper to learn how agentic testing enhances reliability by integrating legacy and new tech, ensuring compliance, and reducing risk through adaptive, resilient metho...",https://www.uipath.com/resources/automation-whitepapers/agentic-testing-for-financial-services
Navigating the future of procure-to-pay:,https://www.uipath.com/resources/automation-whitepapers/navigating-the-future-procure-to-pay-automation,"By leveraging agentic automation, organizations can transform their procurement processes from simple, rule-based tasks into intelligent, context-aware operations.",https://www.uipath.com/resources/automation-whitepapers/navigating-the-future-procure-to-pay-automation
Intelligent Document Processing with UiPath: GenAI and Enterprise Automation,https://www.uipath.com/resources/automation-whitepapers/uipath-ixp-transforming-enterprise-automation,Check out this PeerPaper to discover how enterprises use UiPath IXP and generative AI to automate document-intensive processes.,https://www.uipath.com/resources/automation-whitepapers/uipath-ixp-transforming-enterprise-automation
Cut costs and accelerate claims processing with agentic automation,https://www.uipath.com/resources/automation-whitepapers/accelerate-claims-processing-with-agentic-automation,Manual processes and outdated systems are slowing down your claims operations. The UiPath Platform for Agentic Automation is the key to transforming your entire claims into lifecyc...,https://www.uipath.com/resources/automation-whitepapers/accelerate-claims-processing-with-agentic-automation
